{
  "r2_score": 0.8804332983749564,
  "mae": 4.214763142474853,
  "mse": 29.09516986671551,
  "rmse": 5.393993869732845,
  "num_test_samples": 200
}