{
  "r2_score": 0.8804332983749565,
  "mae": 4.214763142474848,
  "mse": 29.09516986671547,
  "rmse": 5.393993869732841,
  "num_test_samples": 200
}